id,type,date,text,photo,width,height,from,from_id,author,Type and Twitter Count
9,message,2021-01-13T22:33:27,I am NOT at the White House tonight. Neither is General Flynn. Neither of us have spoken with him.,,,,ðŸ‡ºðŸ‡¸ ðŸ‡ºðŸ‡¸ ðŸ‡ºðŸ‡¸ Sidney Powell â­â­â­,10078040340,S P,2
11,message,2021-01-15T15:22:22,Thank you all for joining me here! Sidney,,,,ðŸ‡ºðŸ‡¸ ðŸ‡ºðŸ‡¸ ðŸ‡ºðŸ‡¸ Sidney Powell â­â­â­,10078040340,S P,2
12,message,2021-01-15T15:22:27,"[{'type': 'link', 'text': 'https://www.theepochtimes.com/black-lives-matter-activist-who-stormed-capitol-on-jan-6-arrested-charged_3657333.html'}]",,,,ðŸ‡ºðŸ‡¸ ðŸ‡ºðŸ‡¸ ðŸ‡ºðŸ‡¸ Sidney Powell â­â­â­,10078040340,S P,Link
15,message,2021-01-15T15:35:56,"['All posts here will be made by me personally.  Sidney ðŸ‡ºðŸ‡¸\n', {'type': 'link', 'text': 'Www.DefendingTheRepublic.org'}, '']",,,,ðŸ‡ºðŸ‡¸ ðŸ‡ºðŸ‡¸ ðŸ‡ºðŸ‡¸ Sidney Powell â­â­â­,10078040340,S P,2
16,message,2021-01-15T15:37:55,,photos/photo_2@15-01-2021_15-37-55.jpg,1071,891,ðŸ‡ºðŸ‡¸ ðŸ‡ºðŸ‡¸ ðŸ‡ºðŸ‡¸ Sidney Powell â­â­â­,10078040340,S P,Photo
20,message,2021-01-15T15:39:58,"['FYI friends, the channel purporting to be Patrick Byrne is an imposter and spreading ', {'type': 'hashtag', 'text': '#FakeNews'}]",,,,ðŸ‡ºðŸ‡¸ ðŸ‡ºðŸ‡¸ ðŸ‡ºðŸ‡¸ Sidney Powell â­â­â­,10078040340,S P,3
26,message,2021-01-15T20:20:03,,photos/photo_6@15-01-2021_20-20-03.jpg,1080,360,ðŸ‡ºðŸ‡¸ ðŸ‡ºðŸ‡¸ ðŸ‡ºðŸ‡¸ Sidney Powell â­â­â­,10078040340,S P,Photo
27,message,2021-01-15T21:50:44,"[{'type': 'link', 'text': 'https://www.miamiherald.com/news/local/article237790944.html'}]",,,,ðŸ‡ºðŸ‡¸ ðŸ‡ºðŸ‡¸ ðŸ‡ºðŸ‡¸ Sidney Powell â­â­â­,10078040340,S P,Link
28,message,2021-01-16T00:56:56,"[{'type': 'link', 'text': 'https://twitter.com/JackPosobiec/status/1350303845516275713?s=09'}]",,,,ðŸ‡ºðŸ‡¸ ðŸ‡ºðŸ‡¸ ðŸ‡ºðŸ‡¸ Sidney Powell â­â­â­,10078040340,S P,Link
29,message,2021-01-16T15:11:10,"All indications are that despite the overwhelming evidence of massive fraud, and more evidence available inside the government,  and other legal options available,  the President is taking no action to protect the Republic. People around him are limiting his information and lying to him about his legal options.  The Biden administration will be consolidating power day one and the fascist corporations are already limiting speech and firing freedom lovers. Just look at the military in DC now. Trump did not call them in. And all that for a virtual inauguration that no one will attend?!  It's all about power and global/communist money. You can see and smell the corruption in DC. It's gone from a swamp to a pure cesspool.  There were and have been a lot more people illegally elected than just Biden and Harris.",,,,ðŸ‡ºðŸ‡¸ ðŸ‡ºðŸ‡¸ ðŸ‡ºðŸ‡¸ Sidney Powell â­â­â­,10078040340,S P,64
30,message,2021-01-16T15:26:58,"[{'type': 'link', 'text': 'https://context-cdn.washingtonpost.com/notes/prod/default/documents/6d274110-a84b-4694-96cd-6a902207d2bd/note/733364cf-0afb-412d-a5b4-ab797a8ba154.#page=1'}]",,,,ðŸ‡ºðŸ‡¸ ðŸ‡ºðŸ‡¸ ðŸ‡ºðŸ‡¸ Sidney Powell â­â­â­,10078040340,Sid,Link
31,message,2021-01-16T15:48:28,We need a miracle. Pray,,,,ðŸ‡ºðŸ‡¸ ðŸ‡ºðŸ‡¸ ðŸ‡ºðŸ‡¸ Sidney Powell â­â­â­,10078040340,Sid,1231
32,message,2021-01-16T16:55:25,"There are powers still available to the President and more information from within our government and other governments that he can access, and other witnessesâ€”simple steps that can be taken to get the Truth out now.  And it does NOT require â€œmartial law.â€",,,,ðŸ‡ºðŸ‡¸ ðŸ‡ºðŸ‡¸ ðŸ‡ºðŸ‡¸ Sidney Powell â­â­â­,10078040340,Sid,191
33,message,2021-01-16T18:55:15,"[{'type': 'mention', 'text': '@RealMikeLindell'}, ' on his visit to the White House yesterday \n\n', {'type': 'link', 'text': 'https://www.pscp.tv/w/1gqxvoBDakgKB'}]",,,,ðŸ‡ºðŸ‡¸ ðŸ‡ºðŸ‡¸ ðŸ‡ºðŸ‡¸ Sidney Powell â­â­â­,10078040340,S P,1
34,message,2021-01-16T22:02:17,"[{'type': 'link', 'text': 'https://twitter.com/repmattgaetz/status/1350633765144588288?s=28'}]",,,,ðŸ‡ºðŸ‡¸ ðŸ‡ºðŸ‡¸ ðŸ‡ºðŸ‡¸ Sidney Powell â­â­â­,10078040340,Sid,Link
35,message,2021-01-17T02:41:27,"[{'type': 'link', 'text': 'https://www.ic3.gov/Media/Y2021/PSA210115'}]",,,,ðŸ‡ºðŸ‡¸ ðŸ‡ºðŸ‡¸ ðŸ‡ºðŸ‡¸ Sidney Powell â­â­â­,10078040340,S P,Link
36,message,2021-01-17T02:43:06,Important notice above is unequivocal evidence of foreign interference in our election in violation and triggering the sanctions and powers of E.O. 13848.,,,,ðŸ‡ºðŸ‡¸ ðŸ‡ºðŸ‡¸ ðŸ‡ºðŸ‡¸ Sidney Powell â­â­â­,10078040340,S P,241
37,message,2021-01-17T15:17:53,"['DC is now full police state. Friends there advise they are stopped at every intersection, required to show papers including pay stubs to go to their place of work, and state where they are going. Welcome to full fascism--courtesy of Muriel Bowser and ', {'type': 'hashtag', 'text': '#Harris'}, '-Biden.']",,,,ðŸ‡ºðŸ‡¸ ðŸ‡ºðŸ‡¸ ðŸ‡ºðŸ‡¸ Sidney Powell â­â­â­,10078040340,S P,36
38,message,2021-01-17T15:20:04,"[{'type': 'link', 'text': 'https://www.thegatewaypundit.com/2021/01/brutal-marjorie-taylor-greene-destroys-nasty-ga-election-official-gabe-sterling-latest-attack-president-trump/?utm_source=Twitter&utm_campaign=websitesharingbuttons'}]",,,,ðŸ‡ºðŸ‡¸ ðŸ‡ºðŸ‡¸ ðŸ‡ºðŸ‡¸ Sidney Powell â­â­â­,10078040340,S P,Link
39,message,2021-01-17T15:30:25,"[""Extremely kind and generous praise from Eric Georgeatos. I'm honored and humbled.  Sidney \n\n"", {'type': 'link', 'text': 'https://www.americanthinker.com/articles/2020/11/the_biblical_book_of_esther_playing_out_again_today.html'}]",,,,ðŸ‡ºðŸ‡¸ ðŸ‡ºðŸ‡¸ ðŸ‡ºðŸ‡¸ Sidney Powell â­â­â­,10078040340,Sid,4
42,message,2021-01-17T20:00:41,"['If only the ', {'type': 'hashtag', 'text': '#DCMayor'}, ' had done this before or even to stop the violence when actual ', {'type': 'hashtag', 'text': '#rioters'}, ' destroyed property and disrupted the ', {'type': 'hashtag', 'text': '#Trump'}, ' inauguration 4 years ago!! No one is going to a ', {'type': 'hashtag', 'text': '#VirtualInauguration'}, ' of ', {'type': 'hashtag', 'text': '#ChinaJoe'}, ' anyway.']",,,,ðŸ‡ºðŸ‡¸ ðŸ‡ºðŸ‡¸ ðŸ‡ºðŸ‡¸ Sidney Powell â­â­â­,10078040340,S P,7
43,message,2021-01-17T21:45:00,"[{'type': 'link', 'text': 'https://twitter.com/jackposobiec/status/1350933680940843009?s=28'}]",,,,ðŸ‡ºðŸ‡¸ ðŸ‡ºðŸ‡¸ ðŸ‡ºðŸ‡¸ Sidney Powell â­â­â­,10078040340,Sid,Link
44,message,2021-01-18T00:28:34,"[{'type': 'text_link', 'text': 'https://trendingpolitics.com/breaking-dni-ratcliffe-drops-bombshell-report-alleges-china-interfered-in-the-2020-election/', 'href': 'https://trendingpolitics.com/breaking-dni-ratcliffe-drops-bombshell-report-alleges-china-interfered-in-the-2020-election/'}]",,,,ðŸ‡ºðŸ‡¸ ðŸ‡ºðŸ‡¸ ðŸ‡ºðŸ‡¸ Sidney Powell â­â­â­,10078040340,Sid,Link
45,message,2021-01-18T08:53:29,"['WOW ðŸ˜³.  Axios is really desperate. An unsourced pathetic smear piece full of crap.  \n', {'type': 'link', 'text': 'https://www.axios.com/trump-off-the-rails-descent-into-madness-fd169833-9052-473d-87f5-7a1a4ffffb8f.html'}, '']",,,,ðŸ‡ºðŸ‡¸ ðŸ‡ºðŸ‡¸ ðŸ‡ºðŸ‡¸ Sidney Powell â­â­â­,10078040340,Sid,6
46,message,2021-01-18T09:11:52,"[{'type': 'link', 'text': 'https://twitter.com/chiIIum/status/1350992507878912002?s=20'}]",,,,ðŸ‡ºðŸ‡¸ ðŸ‡ºðŸ‡¸ ðŸ‡ºðŸ‡¸ Sidney Powell â­â­â­,10078040340,S P,Link
48,message,2021-01-18T13:08:41,This is called Fascism and a massive propaganda and mind-control operation.,,,,ðŸ‡ºðŸ‡¸ ðŸ‡ºðŸ‡¸ ðŸ‡ºðŸ‡¸ Sidney Powell â­â­â­,10078040340,S P,2
49,message,2021-01-18T17:09:58,"[{'type': 'link', 'text': 'https://m.theepochtimes.com/2000-national-guard-troops-in-dc-sworn-in-as-special-deputy-us-marshals_3661278.html?utm_source=news&utm_medium=email&utm_campaign=breaking-2021-01-18-3'}]",,,,ðŸ‡ºðŸ‡¸ ðŸ‡ºðŸ‡¸ ðŸ‡ºðŸ‡¸ Sidney Powell â­â­â­,10078040340,S P,Link
50,message,2021-01-18T17:14:57,"['All the military for a ""virtual"" inauguration that will be the least attended and least watched in the history of television for a completely fraudulent candidate and ""election"" process. The ', {'type': 'hashtag', 'text': '#Left'}, ""'s best political theater and fear-mongering. This was not a Trump choice. If he had militarized anything like this, the would be screaming about his dictatorial and totalitarian regime. Always remember,  the Leftists are the masters of projection,  deception, and manipulation.  \n"", {'type': 'hashtag', 'text': '#BoycottBiden'}]",,,,ðŸ‡ºðŸ‡¸ ðŸ‡ºðŸ‡¸ ðŸ‡ºðŸ‡¸ Sidney Powell â­â­â­,10078040340,S P,2
52,message,2021-01-18T21:28:11,"[{'type': 'link', 'text': 'https://www.washingtonexaminer.com/news/democratic-senators-warned-of-potential-vote-switching-by-dominion-voting-machines-prior-to-2020-election'}]",,,,ðŸ‡ºðŸ‡¸ ðŸ‡ºðŸ‡¸ ðŸ‡ºðŸ‡¸ Sidney Powell â­â­â­,10078040340,Sid,Link
53,message,2021-01-18T21:31:58,"[{'type': 'hashtag', 'text': '#Dominion'}, ' might want to re-read the above article and the letter from four Democrat US Senators.  They were way ahead of me in alleging vote-switching until they figured out on a mass scale how to make it work for the Democrats.  Of course, no telling how many Republicans may have been elected fraudulently either.  No doubt people from both parties heavily implicated in various ways.\n', {'type': 'mention', 'text': '@LinWoodSpeaksTruth'}]",,,,ðŸ‡ºðŸ‡¸ ðŸ‡ºðŸ‡¸ ðŸ‡ºðŸ‡¸ Sidney Powell â­â­â­,10078040340,Sid,6
54,message,2021-01-18T23:37:23,"[{'type': 'link', 'text': 'https://link.theepochtimes.com/mkt_app/dod-fbi-vetting-national-guard-members-in-dc-pentagon-chief_3661413.html'}, ' - Join the conversation on ', {'type': 'mention', 'text': '@clouthub'}]",,,,ðŸ‡ºðŸ‡¸ ðŸ‡ºðŸ‡¸ ðŸ‡ºðŸ‡¸ Sidney Powell â­â­â­,10078040340,S P,Link
55,message,2021-01-18T23:39:52,"['com.google.firebase.i.a@eda1426 - Join the conversation on ', {'type': 'mention', 'text': '@clouthub'}]",,,,ðŸ‡ºðŸ‡¸ ðŸ‡ºðŸ‡¸ ðŸ‡ºðŸ‡¸ Sidney Powell â­â­â­,10078040340,S P,0
58,message,2021-01-19T11:32:38,"[{'type': 'link', 'text': 'https://twitter.com/robbystarbuck/status/1351535937814147074?s=20'}]",,,,ðŸ‡ºðŸ‡¸ ðŸ‡ºðŸ‡¸ ðŸ‡ºðŸ‡¸ Sidney Powell â­â­â­,10078040340,S P,Link
59,message,2021-01-19T11:36:37,"[""Wow. There's nothing you can't get by with apparently when you control the media. Imagine if Trump had done this! While rioters looted and burned DC, and kept people from getting in for the Trump inauguration,  the media complained bitterly about empty space in an area from which no one could see the event if they had been there! "", {'type': 'hashtag', 'text': '#Leftist'}, ' hypocrisy at its finest\n', {'type': 'hashtag', 'text': '#Fraud'}]",,,,ðŸ‡ºðŸ‡¸ ðŸ‡ºðŸ‡¸ ðŸ‡ºðŸ‡¸ Sidney Powell â­â­â­,10078040340,S P,5
60,message,2021-01-19T13:58:13,"For those inquiring about us dropping our lawsuit in Georgia, the delay by the Supreme Court in addressing the issues we raised rendered the issues moot on behalf of the specific clients we represented.  We are by no means finished with what needs to be done to get to the bottom of this fraudulent election. Sidney",,,,ðŸ‡ºðŸ‡¸ ðŸ‡ºðŸ‡¸ ðŸ‡ºðŸ‡¸ Sidney Powell â­â­â­,10078040340,S P,56
61,message,2021-01-19T20:37:45,"['While jokers are celebrating the meaningless agreed dismissal of our Georgia lawsuit, Maricopa County AZ has agreed to the audit of ballots needed there and our lead Plaintiff-- the fearless Kelli Ward--has a seat at the table to select the auditor.\nWe have only begun to fight. We uncover more evidence of this criminal fraud by the day. Stay tuned. Have faith ðŸ‡ºðŸ‡¸ðŸ‡ºðŸ‡¸ðŸ‡ºðŸ‡¸\n', {'type': 'link', 'text': 'Www.DefendingTheRepublic.org'}, '']",,,,ðŸ‡ºðŸ‡¸ ðŸ‡ºðŸ‡¸ ðŸ‡ºðŸ‡¸ Sidney Powell â­â­â­,10078040340,S P,177
62,message,2021-01-20T02:03:50,We filed two briefs tonight in our Michigan case to defeat the attempts of Detroit and state officials to get any kind of sanctions against our legal team. Their claims are totally lame. We will post the filings in the morning.,,,,ðŸ‡ºðŸ‡¸ ðŸ‡ºðŸ‡¸ ðŸ‡ºðŸ‡¸ Sidney Powell â­â­â­,10078040340,Sid,5
68,message,2021-01-20T15:53:38,WOW. What a day in history.,,,,ðŸ‡ºðŸ‡¸ ðŸ‡ºðŸ‡¸ ðŸ‡ºðŸ‡¸ Sidney Powell â­â­â­,10078040340,Sid,0
70,message,2021-01-21T02:15:07,"[{'type': 'link', 'text': 'https://www.thegatewaypundit.com/2021/01/doesnt-republican-establishment-understand-meaning-betrayal/'}]",,,,ðŸ‡ºðŸ‡¸ ðŸ‡ºðŸ‡¸ ðŸ‡ºðŸ‡¸ Sidney Powell â­â­â­,10078040340,Sid,Link
71,message,2021-01-21T07:52:38,"[{'type': 'link', 'text': 'https://www.americanthinker.com/blog/2021/01/the_painful_symbolism_of_the_26000_national_guard_troops_in_dc.html'}]",,,,ðŸ‡ºðŸ‡¸ ðŸ‡ºðŸ‡¸ ðŸ‡ºðŸ‡¸ Sidney Powell â­â­â­,10078040340,S P,Link
74,message,2021-01-21T09:40:57,"[{'type': 'link', 'text': 'https://clthb.co/9c8BFxBNSCueA2wDA'}, ' - Join the conversation on ', {'type': 'mention', 'text': '@clouthub'}]",,,,ðŸ‡ºðŸ‡¸ ðŸ‡ºðŸ‡¸ ðŸ‡ºðŸ‡¸ Sidney Powell â­â­â­,10078040340,S P,Link
77,message,2021-01-21T16:46:55,"['Friends, Please know ', {'type': 'link', 'text': 'DefendingTheRepublic.org'}, ' is really just getting started.  We have big plans to work hard to protect our Constitution and our constitutional rights. The Constitution was drafted to protect the citizens FROM the government.  ', {'type': 'hashtag', 'text': '#WeThePeople'}, ' are supposed to be in charge. ðŸ‡ºðŸ‡¸ðŸ‡ºðŸ‡¸\n', {'type': 'hashtag', 'text': '#RestoreTheRepuublic'}, ' ðŸ‡ºðŸ‡¸']",,,,ðŸ‡ºðŸ‡¸ ðŸ‡ºðŸ‡¸ ðŸ‡ºðŸ‡¸ Sidney Powell â­â­â­,10078040340,S P,0
80,message,2021-01-21T17:35:21,"[{'type': 'link', 'text': 'https://twitter.com/aka_realdirty/status/1338394316444737538?s=28'}]",,,,ðŸ‡ºðŸ‡¸ ðŸ‡ºðŸ‡¸ ðŸ‡ºðŸ‡¸ Sidney Powell â­â­â­,10078040340,Sid,Link
81,message,2021-01-21T19:46:52,"[{'type': 'link', 'text': 'https://youtu.be/g_bCNz0lpCw'}]",,,,ðŸ‡ºðŸ‡¸ ðŸ‡ºðŸ‡¸ ðŸ‡ºðŸ‡¸ Sidney Powell â­â­â­,10078040340,S P,Link
82,message,2021-01-21T23:36:07,"['Remember to check out the news you need at ', {'type': 'link', 'text': 'www.Kraken-Wood.com'}, '.  Twitter would not even allow us to tweet our link, and it took our ', {'type': 'mention', 'text': '@KrakenWood'}, ' handle down as soon as we created it, and it immediately got more than 100K followers! Drudge is gone.  Kraken-Wood is on the rise.']",,,,ðŸ‡ºðŸ‡¸ ðŸ‡ºðŸ‡¸ ðŸ‡ºðŸ‡¸ Sidney Powell â­â­â­,10078040340,Sid,0
83,message,2021-01-21T23:36:25,"['Our new Telegram channel is ', {'type': 'mention', 'text': '@RealKrakenWood'}]",,,,ðŸ‡ºðŸ‡¸ ðŸ‡ºðŸ‡¸ ðŸ‡ºðŸ‡¸ Sidney Powell â­â­â­,10078040340,Sid,Not unique enough
90,message,2021-01-22T19:07:19,"[{'type': 'link', 'text': 'https://www.vanityfair.com/news/2021/01/embedding-with-pentagon-leadership-in-trumps-chaotic-last-week'}]",,,,ðŸ‡ºðŸ‡¸ ðŸ‡ºðŸ‡¸ ðŸ‡ºðŸ‡¸ Sidney Powell â­â­â­,10078040340,S P,Link
94,message,2021-01-22T21:15:02,"['Listen to ', {'type': 'mention', 'text': '@LinWoodSPeaksTruth'}, ' above.  His conversation with ', {'type': 'hashtag', 'text': '#MercerUniversity'}, "" Law Dean and others should be required listening for every law student.  It's about "", {'type': 'hashtag', 'text': '#FreedomOfSpeech'}]",,,,ðŸ‡ºðŸ‡¸ ðŸ‡ºðŸ‡¸ ðŸ‡ºðŸ‡¸ Sidney Powell â­â­â­,10078040340,S P,1
95,message,2021-01-22T21:51:07,"['FYI the ', {'type': 'hashtag', 'text': '#VanityFair'}, ' article above is rubbish']",,,,ðŸ‡ºðŸ‡¸ ðŸ‡ºðŸ‡¸ ðŸ‡ºðŸ‡¸ Sidney Powell â­â­â­,10078040340,Sid,1
97,message,2021-01-22T22:34:37,"['While ', {'type': 'hashtag', 'text': '#Biden'}, ' is selling out our national security to the Chinese, the authoritarian Left is suppressing speech at every turn and retaliating against anyone seeking the Truth. So far they have filed multiple sanctions motions against me and others on the team,  multiple lawsuits, and multiple bar complaints.  There are no limits to the lengths they will go in their determination to ', {'type': 'hashtag', 'text': '#StealAndConceal'}, ' their theft of the presidency and subversion of the will of 80 million Americans who voted for ', {'type': 'hashtag', 'text': '#Freedom'}, '. \nOn the good news front, their assault on all the ', {'type': 'hashtag', 'text': '#MyPillow'}, ' vendors is backfiring beautifully. ', {'type': 'mention', 'text': '@RealMikeLindell'}, ' sales are WAY Up!!']",,,,ðŸ‡ºðŸ‡¸ ðŸ‡ºðŸ‡¸ ðŸ‡ºðŸ‡¸ Sidney Powell â­â­â­,10078040340,Sid,45
98,message,2021-01-22T22:37:03,"Also good news, in addition to filing opposition to specious sanctions motions and bar grievances for the first time in my lengthy career, those of you who have been waiting with great patience to receive signed copies of my book should be receiving yours soon!!",,,,ðŸ‡ºðŸ‡¸ ðŸ‡ºðŸ‡¸ ðŸ‡ºðŸ‡¸ Sidney Powell â­â­â­,10078040340,Sid,1
99,message,2021-01-22T22:37:04,,photos/photo_15@22-01-2021_22-37-04.jpg,1280,960,ðŸ‡ºðŸ‡¸ ðŸ‡ºðŸ‡¸ ðŸ‡ºðŸ‡¸ Sidney Powell â­â­â­,10078040340,Sid,Photo
100,message,2021-01-22T22:37:04,,photos/photo_16@22-01-2021_22-37-04.jpg,1280,960,ðŸ‡ºðŸ‡¸ ðŸ‡ºðŸ‡¸ ðŸ‡ºðŸ‡¸ Sidney Powell â­â­â­,10078040340,Sid,Photo
101,message,2021-01-22T22:37:04,,photos/photo_17@22-01-2021_22-37-04.jpg,1280,960,ðŸ‡ºðŸ‡¸ ðŸ‡ºðŸ‡¸ ðŸ‡ºðŸ‡¸ Sidney Powell â­â­â­,10078040340,Sid,Photo
102,message,2021-01-22T22:37:04,,photos/photo_18@22-01-2021_22-37-04.jpg,1280,960,ðŸ‡ºðŸ‡¸ ðŸ‡ºðŸ‡¸ ðŸ‡ºðŸ‡¸ Sidney Powell â­â­â­,10078040340,Sid,Photo
103,message,2021-01-22T22:37:05,,photos/photo_19@22-01-2021_22-37-05.jpg,1280,960,ðŸ‡ºðŸ‡¸ ðŸ‡ºðŸ‡¸ ðŸ‡ºðŸ‡¸ Sidney Powell â­â­â­,10078040340,Sid,Photo
104,message,2021-01-22T22:39:29,"['Please visit ', {'type': 'link', 'text': 'www.DefendingTheRepublic.org'}, '\n\n', {'type': 'link', 'text': 'www.Kraken-Wood.com'}, '\n\nAnd ', {'type': 'link', 'text': 'www.SidneyPowell.com'}]",,,,ðŸ‡ºðŸ‡¸ ðŸ‡ºðŸ‡¸ ðŸ‡ºðŸ‡¸ Sidney Powell â­â­â­,10078040340,Sid,Not unique enough
105,message,2021-01-22T23:06:08,"['Join us for more news at ', {'type': 'mention', 'text': '@RealKrakenWood'}]",,,,ðŸ‡ºðŸ‡¸ ðŸ‡ºðŸ‡¸ ðŸ‡ºðŸ‡¸ Sidney Powell â­â­â­,10078040340,S P,5
106,message,2021-01-23T00:51:38,"[{'type': 'hashtag', 'text': '#BREAKING'}, '\n""Today we are proud to announce the formation of Restore the Republic PAC, which will be dedicated to supporting candidates who will fight vigorously\xa0for our Constitutional rights, freedom of speech, and the sacred right of free and fair elections,"" said Restore the Republic PAC Founder Sidney Powell. ""The PAC will promote candidates who fight for truth and the Rule of Law, and we will strenuously oppose any candidate who discards the Constitution for his own short term or political gainâ€”regardless of her party. Eighty million people were just disenfranchised by the inauguration of a President not elected by lawful votes. The Democrats abandoned their base and the Republicans betrayed theirs.\n\n\xa0The American people are starved for truth, restoration of the Rule of Law, and even-handed accountability. Americans are fed up with the corruption in government and the elitist political class that views them with condescension and contempt. The American people deserve a voice that exposes and rejects the self-interest of political parties, the control of tech giants, and the lies of the fake news. We will be the voice for honesty, integrity, and a return to government by We the People.\xa0 Join this new endeavor co-founded by Mike Lindell and Joe Flynn at\xa0www.RestoreTheRepublicPAC.Comâ€']",,,,ðŸ‡ºðŸ‡¸ ðŸ‡ºðŸ‡¸ ðŸ‡ºðŸ‡¸ Sidney Powell â­â­â­,10078040340,Sid,176
107,message,2021-01-23T19:57:58,Too rich in hypocrisy for words!! An in-person vote is what every American deserves too!  One citizenâ€”one vote!,,,,ðŸ‡ºðŸ‡¸ ðŸ‡ºðŸ‡¸ ðŸ‡ºðŸ‡¸ Sidney Powell â­â­â­,10078040340,Sid,1
116,message,2021-01-25T19:21:17,,photos/photo_20@25-01-2021_19-21-17.jpg,1080,1080,ðŸ‡ºðŸ‡¸ ðŸ‡ºðŸ‡¸ ðŸ‡ºðŸ‡¸ Sidney Powell â­â­â­,10078040340,Sid,Photo
117,message,2021-01-25T19:21:23,"['Reports are that Italy Prime Minister Conte is resigning tomorrow.  There is mounting evidence Italy helped hack our election. ', {'type': 'hashtag', 'text': '#TrumpWon'}]",,,,ðŸ‡ºðŸ‡¸ ðŸ‡ºðŸ‡¸ ðŸ‡ºðŸ‡¸ Sidney Powell â­â­â­,10078040340,Sid,47
118,message,2021-01-25T19:22:06,,photos/photo_21@25-01-2021_19-22-06.jpg,400,400,ðŸ‡ºðŸ‡¸ ðŸ‡ºðŸ‡¸ ðŸ‡ºðŸ‡¸ Sidney Powell â­â­â­,10078040340,Sid,Photo
121,message,2021-01-26T01:38:20,":. . . whatever is true, whatever is noble, whatever is right, whatever is pure, whatever is lovely, whatever is admirableâ€”if anything is excellent or praiseworthyâ€”think about such things.""  Phillipians 4:8",,,,ðŸ‡ºðŸ‡¸ ðŸ‡ºðŸ‡¸ ðŸ‡ºðŸ‡¸ Sidney Powell â­â­â­,10078040340,S P,Not unique enough
122,message,2021-01-26T05:53:23,"[{'type': 'text_link', 'text': 'https://www.americanthinker.com/articles/2021/01/you_know_there_was_industrialscale_election_fraud_what_can_be_done.html', 'href': 'https://www.americanthinker.com/articles/2021/01/you_know_there_was_industrialscale_election_fraud_what_can_be_done.html'}]",,,,ðŸ‡ºðŸ‡¸ ðŸ‡ºðŸ‡¸ ðŸ‡ºðŸ‡¸ Sidney Powell â­â­â­,10078040340,Sid,Link
125,message,2021-01-26T20:39:54,"['Italy Gate is real. Italy facilitated hacking the US ', {'type': 'hashtag', 'text': '#election'}]",,,,ðŸ‡ºðŸ‡¸ ðŸ‡ºðŸ‡¸ ðŸ‡ºðŸ‡¸ Sidney Powell â­â­â­,10078040340,S P,17
126,message,2021-01-26T20:40:58,"[{'type': 'link', 'text': 'https://www.theepochtimes.com/sidney-powell-launches-super-pac-to-fight-vigorously-for-our-constitutional-rights_3668440.html'}]",,,,ðŸ‡ºðŸ‡¸ ðŸ‡ºðŸ‡¸ ðŸ‡ºðŸ‡¸ Sidney Powell â­â­â­,10078040340,S P,Link
127,message,2021-01-26T22:32:54,"['Italy Gate is real. Italy facilitated hacking the US ', {'type': 'hashtag', 'text': '#election'}]",,,,ðŸ‡ºðŸ‡¸ ðŸ‡ºðŸ‡¸ ðŸ‡ºðŸ‡¸ Sidney Powell â­â­â­,10078040340,S P,
128,message,2021-01-26T22:48:25,"['I hear reports that Dominion has sued Sidney Powell for defamation claiming her statements about Dominion voting machines and the 2020 election were false. \n\nWow. This should be interesting. Dominion may have ensnared itself. Under the law of defamation, DOMINION had the burden of proving falsity which means Dominion has to prove by admissible evidence that it did nothing wrong regarding the election and its machines.\n\nYou can learn information. about Dominion voting machines by watching the 2020 HBO documentary â€œKill Chain.â€\n\n', {'type': 'link', 'text': 'https://www.hbo.com/documentaries/kill-chain-the-cyber-war-on-americas-elections'}, '']",,,,ðŸ‡ºðŸ‡¸ ðŸ‡ºðŸ‡¸ ðŸ‡ºðŸ‡¸ Sidney Powell â­â­â­,10078040340,S P,88
129,message,2021-01-26T22:51:35,"['Please watch the above ', {'type': 'hashtag', 'text': '#HBO'}, ' documentary ', {'type': 'hashtag', 'text': '#Kill'}, ' Chain produced by ', {'type': 'hashtag', 'text': '#Democrats'}, ' and released in March 2020. You will be stunned and cannot imagine how ', {'type': 'hashtag', 'text': '#Dominion'}, ' could sue anyone for defamation about its machines! ðŸ˜³ðŸ”¥']",,,,ðŸ‡ºðŸ‡¸ ðŸ‡ºðŸ‡¸ ðŸ‡ºðŸ‡¸ Sidney Powell â­â­â­,10078040340,S P,8
130,message,2021-01-26T23:12:18,"[{'type': 'link', 'text': 'https://www.thegatewaypundit.com/2021/01/democrat-gaslight-express/'}]",,,,ðŸ‡ºðŸ‡¸ ðŸ‡ºðŸ‡¸ ðŸ‡ºðŸ‡¸ Sidney Powell â­â­â­,10078040340,S P,Link
131,message,2021-01-26T23:13:40,"['Consider the perspective of the author in the article above and see what you think? We collect more evidence every day that this election was stolen. ', {'type': 'hashtag', 'text': '#TrumpWon'}, ' ðŸ‡ºðŸ‡¸ðŸ‡ºðŸ‡¸ðŸ‡ºðŸ‡¸']",,,,ðŸ‡ºðŸ‡¸ ðŸ‡ºðŸ‡¸ ðŸ‡ºðŸ‡¸ Sidney Powell â­â­â­,10078040340,S P,0
132,message,2021-01-26T23:29:11,"[{'type': 'link', 'text': 'https://thetruereporter.com/video-rand-just-put-george-stephanopouloss-journalism-degree-through-a-shredder/'}]",,,,ðŸ‡ºðŸ‡¸ ðŸ‡ºðŸ‡¸ ðŸ‡ºðŸ‡¸ Sidney Powell â­â­â­,10078040340,Sid,Link
133,message,2021-01-27T01:00:00,"['Another huge batch of autographed and personally inscribed books shipped out today! Thank you all again for your patience in receiving them. You all have been so supportive.  Hopefully I can get the last tranche of the backorder out tomorrow. You all are THE BEST. ðŸ‡ºðŸ‡¸â¤ï¸  YOU inspire me.\n', {'type': 'link', 'text': 'SidneyPowell.com'}, '']",,,,ðŸ‡ºðŸ‡¸ ðŸ‡ºðŸ‡¸ ðŸ‡ºðŸ‡¸ Sidney Powell â­â­â­,10078040340,S P,0
134,message,2021-01-27T01:11:51,,photos/photo_22@27-01-2021_01-11-51.jpg,1156,1280,ðŸ‡ºðŸ‡¸ ðŸ‡ºðŸ‡¸ ðŸ‡ºðŸ‡¸ Sidney Powell â­â­â­,10078040340,Sid,Photo
135,message,2021-01-27T07:45:13,"[{'type': 'link', 'text': 'https://justthenews.com/accountability/russia-and-ukraine-scandals/obstruction-boomerang-fbi-knew-comey-firing-was-planned?utm_medium=social_media&utm_source=mail_social_icon&utm_campaign=social_icons'}]",,,,ðŸ‡ºðŸ‡¸ ðŸ‡ºðŸ‡¸ ðŸ‡ºðŸ‡¸ Sidney Powell â­â­â­,10078040340,Sid,Link
136,message,2021-01-27T07:51:15,"['As the above important article â€”attaching ', {'type': 'hashtag', 'text': '#Evidence'}, ' the DOJ and FBI have hidden for yearsâ€” Rosenstein and McCabe lied. ', {'type': 'hashtag', 'text': '#Trump'}, ' investigation and Special Counsel including for obstruction investigation were fraudulent from their inception.    READ the EVidence ðŸ‡ºðŸ‡¸ðŸ‡ºðŸ‡¸ðŸ‡ºðŸ‡¸']",,,,ðŸ‡ºðŸ‡¸ ðŸ‡ºðŸ‡¸ ðŸ‡ºðŸ‡¸ Sidney Powell â­â­â­,10078040340,Sid,0
140,message,2021-01-27T10:30:39,"[""Do you like data?  The following video from the Truth Channel provides a compelling analysis of the Michigan voting results.  The math don't add up.  The election was stolen.   "", {'type': 'link', 'text': 'https://rumble.com/vb3kt7-hammer-and-scorecard-a-detailed-look-at-how-the-election-was-stolen-analysi.html'}]",,,,ðŸ‡ºðŸ‡¸ ðŸ‡ºðŸ‡¸ ðŸ‡ºðŸ‡¸ Sidney Powell â­â­â­,10078040340,S P,0
141,message,2021-01-27T11:19:58,"['ðŸ”» Sen. Rand Paul:\n""No Democrat will honestly ask whether Bernie Sanders incited the shooter that nearly killed Steve Scalise.""\n""No Democrat will ask whether Maxine Waters incited violence when she literally told her supporters"" to confront Trump officials in public.\n   ðŸ”— Daily Caller \n\n', {'type': 'mention', 'text': '@TheTrumpist'}, '\nvia Twitter']",,720,400,ðŸ‡ºðŸ‡¸ ðŸ‡ºðŸ‡¸ ðŸ‡ºðŸ‡¸ Sidney Powell â­â­â­,10078040340,S P,Not unique enough
143,message,2021-01-27T14:55:19,The inscription just requested for one of my books. What an important reminder.,photos/photo_23@27-01-2021_14-55-19.jpg,960,1280,ðŸ‡ºðŸ‡¸ ðŸ‡ºðŸ‡¸ ðŸ‡ºðŸ‡¸ Sidney Powell â­â­â­,10078040340,S P,11
148,message,2021-01-28T00:38:23,"[{'type': 'link', 'text': 'https://www.thegatewaypundit.com/2021/01/president-trump-80-million-votes-biden-much-less-sidney-powell-bidens-inauguration-day/?utm_source=tele'}]",,,,ðŸ‡ºðŸ‡¸ ðŸ‡ºðŸ‡¸ ðŸ‡ºðŸ‡¸ Sidney Powell â­â­â­,10078040340,S P,Link
149,message,2021-01-28T00:50:28,"Another of my favorite Bible verses requested as an inscription today. People have sent so many messages that touch, humble, and inspire me. Thank you. ðŸ‡ºðŸ‡¸",,,,ðŸ‡ºðŸ‡¸ ðŸ‡ºðŸ‡¸ ðŸ‡ºðŸ‡¸ Sidney Powell â­â­â­,10078040340,S P,0
150,message,2021-01-28T00:50:33,,photos/photo_24@28-01-2021_00-50-33.jpg,960,1280,ðŸ‡ºðŸ‡¸ ðŸ‡ºðŸ‡¸ ðŸ‡ºðŸ‡¸ Sidney Powell â­â­â­,10078040340,S P,Photo
152,message,2021-01-28T10:48:52,"[{'type': 'link', 'text': 'https://thetruereporter.com/revealed-here-are-the-five-republican-senators-who-will-vote-to-convict-trump/'}, '\nREVEALED: Here Are The Five Republican Senators Who Will Vote To Convict Trump']",,,,ðŸ‡ºðŸ‡¸ ðŸ‡ºðŸ‡¸ ðŸ‡ºðŸ‡¸ Sidney Powell â­â­â­,10078040340,S P,Link
153,message,2021-01-28T11:23:54,"[{'type': 'bold', 'text': 'Sidney Powell continues to investigate election, comments on Inauguration Day'}, '\n', {'type': 'link', 'text': 'https://www.oann.com/sidney-powell-continues-to-investigate-election-comments-on-inauguration-day/?utm_source=rss&utm_medium=rss&utm_campaign=sidney-powell-continues-to-investigate-election-comments-on-inauguration-day'}]",,,,ðŸ‡ºðŸ‡¸ ðŸ‡ºðŸ‡¸ ðŸ‡ºðŸ‡¸ Sidney Powell â­â­â­,10078040340,S P,Link
154,message,2021-01-28T14:57:12,"[{'type': 'bold', 'text': 'Mathematician: Election numbers donâ€™t add up\n'}, {'type': 'link', 'text': 'https://rumble.com/vdc0hb-mathematician-election-numbers-dont-add-up.html'}, '']",,,,ðŸ‡ºðŸ‡¸ ðŸ‡ºðŸ‡¸ ðŸ‡ºðŸ‡¸ Sidney Powell â­â­â­,10078040340,S P,Link
160,message,2021-01-29T20:23:40,"[{'type': 'link', 'text': 'https://twitter.com/mtgreenee/status/1355312939595685893'}]",,,,ðŸ‡ºðŸ‡¸ ðŸ‡ºðŸ‡¸ ðŸ‡ºðŸ‡¸ Sidney Powell â­â­â­,10078040340,S P,Link
161,message,2021-01-30T00:48:12,"[{'type': 'link', 'text': 'https://www.deepcapture.com/2021/01/november-3-december-23-all-the-presidents-teams/'}]",,,,ðŸ‡ºðŸ‡¸ ðŸ‡ºðŸ‡¸ ðŸ‡ºðŸ‡¸ Sidney Powell â­â­â­,10078040340,Sid,Link
162,message,2021-01-30T01:26:39,"[{'type': 'mention', 'text': '@TheTrumpist'}, '\nvia Twitter']",photos/photo_25@30-01-2021_01-26-39.jpg,1080,1157,ðŸ‡ºðŸ‡¸ ðŸ‡ºðŸ‡¸ ðŸ‡ºðŸ‡¸ Sidney Powell â­â­â­,10078040340,Sid,Photo
163,message,2021-01-30T12:07:20,"[{'type': 'link', 'text': 'https://youtu.be/rrkeWYZ-CSE'}]",,,,ðŸ‡ºðŸ‡¸ ðŸ‡ºðŸ‡¸ ðŸ‡ºðŸ‡¸ Sidney Powell â­â­â­,10078040340,S P,Link
165,message,2021-01-30T13:24:53,"[{'type': 'link', 'text': 'https://youtu.be/RhLxh0YgxRY'}]",,,,ðŸ‡ºðŸ‡¸ ðŸ‡ºðŸ‡¸ ðŸ‡ºðŸ‡¸ Sidney Powell â­â­â­,10078040340,Sid,Link
166,message,2021-01-30T14:48:43,"[{'type': 'link', 'text': 'https://thetruedefender.com/five-days-after-biden-inauguration-judge-rules-late-changes-to-va-election-law-that-allowed-late-mail-in-ballots-without-postmark-to-be-counted-is-illegal/'}]",,,,ðŸ‡ºðŸ‡¸ ðŸ‡ºðŸ‡¸ ðŸ‡ºðŸ‡¸ Sidney Powell â­â­â­,10078040340,Sid,Link
167,message,2021-01-30T22:42:06,"['ðŸ›‘ ', {'type': 'bold', 'text': 'Rand Paul: D.C. Troop Presence â€˜Isnâ€™t Really a Great Image for a Free Country or for Our Countryâ€™'}, '\n\n', {'type': 'mention', 'text': '@TheTrumpist'}, '\nvia ', {'type': 'text_link', 'text': 'Breitbart', 'href': 'https://www.breitbart.com/clips/2021/01/30/rand-paul-d-c-troop-presence-isnt-really-a-great-image-for-a-free-country-or-for-our-country/'}, 'Breitbart', {'type': 'bold', 'text': 'Breitbart'}, '']",,,,ðŸ‡ºðŸ‡¸ ðŸ‡ºðŸ‡¸ ðŸ‡ºðŸ‡¸ Sidney Powell â­â­â­,10078040340,Sid,Link
169,message,2021-01-30T22:57:34,"['Please know that we are still working on multiple fronts at ', {'type': 'link', 'text': 'www.DefendingTheRepublic.org'}, '   \nWe have an important case in Michigan begun by Matt Deperno, our lawyers are working on the issues in Arizona, and we are still active in Georgia where there is an important case.  We will not give up. There was massive fraud in this election on many fronts, and we will continue to work to expose it all.  We are working on additional cases too as more evidence comes to our attention. \n    We must deal with the reality we face. It is up to ', {'type': 'hashtag', 'text': '#WeThePeople'}, ' to ', {'type': 'hashtag', 'text': '#DefendTheRepublic'}, ' and ', {'type': 'hashtag', 'text': '#RestoreTheRepublic'}, '. Our work has barely begun. ðŸ‡ºðŸ‡¸  Sidney']",,,,ðŸ‡ºðŸ‡¸ ðŸ‡ºðŸ‡¸ ðŸ‡ºðŸ‡¸ Sidney Powell â­â­â­,10078040340,Sid,0
